{
  "illegalPathSupportMode": "None",
  "enableCustomTextures": true,
  "enableCustomBlockEntities": true,
  "textureUpdateFrequency_V2": "Fast",
  "enableEmissiveTextures": true,
  "enableEnchantedTextures": true,
  "enableEmissiveBlockEntities": true,
  "emissiveRenderMode": "DULL",
  "alwaysCheckVanillaEmissiveSuffix": true,
  "enableArmorAndTrims": true,
  "skinFeaturesEnabled": true,
  "skinFeaturesEnableTransparency": true,
  "skinFeaturesEnableFullTransparency": false,
  "tryETFTransparencyForAllSkins": false,
  "enableEnemyTeamPlayersSkinFeatures": true,
  "enableBlinking": true,
  "blinkFrequency": 150,
  "blinkLength": 1,
  "advanced_IncreaseCacheSizeModifier": 1.0,
  "debugLoggingMode": "None",
  "logTextureDataInitialization": false,
  "hideConfigButton": false,
  "disableVanillaDirectoryVariantTextures": false,
  "use3DSkinLayerPatch": true,
  "enableFullBodyWardenTextures": true,
  "entityEmissiveOverrides": {},
  "propertiesDisabled": [],
  "propertyInvertUpdatingOverrides": [],
  "entityRandomOverrides": {},
  "entityEmissiveBrightOverrides": {},
  "entityRenderLayerOverrides": {},
  "entityLightOverrides": {}
}