{
    "globalBookmarks": {
        "armorer": [
        ],
        "butcher": [
            {
                "resultItem": "minecraft:rabbit_stew",
                "priceItem1": "minecraft:emerald"
            }
        ],
        "cartographer": [
        ],
        "cleric": [
        ],
        "farmer": [
        ],
        "fisherman": [
        ],
        "fletcher": [
        ],
        "leatherworker": [
        ],
        "librarian": [
        ],
        "mason": [
        ],
        "shepherd": [
        ],
        "toolsmith": [
        ],
        "weaponsmith": [
        ],
        "nitwit": [
        ],
        "none": [
        ]
    },
    "localBookmarks": {
        "b3598a99-e71d-4909-a958-60366550b971": [
            {
                "resultItem": "minecraft:emerald",
                "priceItem1": "minecraft:chicken"
            }
        ]
    },
    "globalBookmarks1": {
        "armorer": [
        ],
        "butcher": [
        ],
        "cartographer": [
        ],
        "cleric": [
        ],
        "farmer": [
        ],
        "fisherman": [
        ],
        "fletcher": [
        ],
        "leatherworker": [
        ],
        "librarian": [
        ],
        "mason": [
        ],
        "shepherd": [
        ],
        "toolsmith": [
        ],
        "weaponsmith": [
        ],
        "nitwit": [
        ],
        "none": [
        ]
    },
    "globalBookmarks2": {
        "armorer": [
        ],
        "butcher": [
        ],
        "cartographer": [
        ],
        "cleric": [
        ],
        "farmer": [
        ],
        "fisherman": [
        ],
        "fletcher": [
        ],
        "leatherworker": [
        ],
        "librarian": [
        ],
        "mason": [
        ],
        "shepherd": [
        ],
        "toolsmith": [
        ],
        "weaponsmith": [
        ],
        "nitwit": [
        ],
        "none": [
        ]
    }
}